run,repetition,module,name,value
Ind3-NSGA2-n100-gw5-0-20250329-12:37:33-21437,0,LoRaNetworkTest.loRaNodes[0].LoRaNic.radio.energyConsumer,totalEnergyConsumed,4.3987775418592
Ind3-NSGA2-n100-gw5-0-20250329-12:37:33-21437,0,LoRaNetworkTest.loRaNodes[1].LoRaNic.radio.energyConsumer,totalEnergyConsumed,5.1685364571115
Ind3-NSGA2-n100-gw5-0-20250329-12:37:33-21437,0,LoRaNetworkTest.loRaNodes[2].LoRaNic.radio.energyConsumer,totalEnergyConsumed,4.1041209661109
Ind3-NSGA2-n100-gw5-0-20250329-12:37:33-21437,0,LoRaNetworkTest.loRaNodes[3].LoRaNic.radio.energyConsumer,totalEnergyConsumed,5.317381177041
Ind3-NSGA2-n100-gw5-0-20250329-12:37:33-21437,0,LoRaNetworkTest.loRaNodes[4].LoRaNic.radio.energyConsumer,totalEnergyConsumed,5.3194985318063
Ind3-NSGA2-n100-gw5-0-20250329-12:37:33-21437,0,LoRaNetworkTest.loRaNodes[5].LoRaNic.radio.energyConsumer,totalEnergyConsumed,5.4071859276888
Ind3-NSGA2-n100-gw5-0-20250329-12:37:33-21437,0,LoRaNetworkTest.loRaNodes[6].LoRaNic.radio.energyConsumer,totalEnergyConsumed,3.580089455819
Ind3-NSGA2-n100-gw5-0-20250329-12:37:33-21437,0,LoRaNetworkTest.loRaNodes[7].LoRaNic.radio.energyConsumer,totalEnergyConsumed,4.5747193906357
Ind3-NSGA2-n100-gw5-0-20250329-12:37:33-21437,0,LoRaNetworkTest.loRaNodes[8].LoRaNic.radio.energyConsumer,totalEnergyConsumed,4.5455609601662
Ind3-NSGA2-n100-gw5-0-20250329-12:37:33-21437,0,LoRaNetworkTest.loRaNodes[9].LoRaNic.radio.energyConsumer,totalEnergyConsumed,5.0676168204863
Ind3-NSGA2-n100-gw5-0-20250329-12:37:33-21437,0,LoRaNetworkTest.loRaNodes[10].LoRaNic.radio.energyConsumer,totalEnergyConsumed,3.0197763971439
Ind3-NSGA2-n100-gw5-0-20250329-12:37:33-21437,0,LoRaNetworkTest.loRaNodes[11].LoRaNic.radio.energyConsumer,totalEnergyConsumed,3.6652944645644
Ind3-NSGA2-n100-gw5-0-20250329-12:37:33-21437,0,LoRaNetworkTest.loRaNodes[12].LoRaNic.radio.energyConsumer,totalEnergyConsumed,4.0234592051628
Ind3-NSGA2-n100-gw5-0-20250329-12:37:33-21437,0,LoRaNetworkTest.loRaNodes[13].LoRaNic.radio.energyConsumer,totalEnergyConsumed,4.5296880688107
Ind3-NSGA2-n100-gw5-0-20250329-12:37:33-21437,0,LoRaNetworkTest.loRaNodes[14].LoRaNic.radio.energyConsumer,totalEnergyConsumed,4.5510354655837
Ind3-NSGA2-n100-gw5-0-20250329-12:37:33-21437,0,LoRaNetworkTest.loRaNodes[15].LoRaNic.radio.energyConsumer,totalEnergyConsumed,4.6237342482552
Ind3-NSGA2-n100-gw5-0-20250329-12:37:33-21437,0,LoRaNetworkTest.loRaNodes[16].LoRaNic.radio.energyConsumer,totalEnergyConsumed,4.8964986549307
Ind3-NSGA2-n100-gw5-0-20250329-12:37:33-21437,0,LoRaNetworkTest.loRaNodes[17].LoRaNic.radio.energyConsumer,totalEnergyConsumed,5.2370939131221
Ind3-NSGA2-n100-gw5-0-20250329-12:37:33-21437,0,LoRaNetworkTest.loRaNodes[18].LoRaNic.radio.energyConsumer,totalEnergyConsumed,4.2925987161271
Ind3-NSGA2-n100-gw5-0-20250329-12:37:33-21437,0,LoRaNetworkTest.loRaNodes[19].LoRaNic.radio.energyConsumer,totalEnergyConsumed,3.2837439148989
Ind3-NSGA2-n100-gw5-0-20250329-12:37:33-21437,0,LoRaNetworkTest.loRaNodes[20].LoRaNic.radio.energyConsumer,totalEnergyConsumed,4.0449856958023
Ind3-NSGA2-n100-gw5-0-20250329-12:37:33-21437,0,LoRaNetworkTest.loRaNodes[21].LoRaNic.radio.energyConsumer,totalEnergyConsumed,5.1088091527523
Ind3-NSGA2-n100-gw5-0-20250329-12:37:33-21437,0,LoRaNetworkTest.loRaNodes[22].LoRaNic.radio.energyConsumer,totalEnergyConsumed,4.5047337984
Ind3-NSGA2-n100-gw5-0-20250329-12:37:33-21437,0,LoRaNetworkTest.loRaNodes[23].LoRaNic.radio.energyConsumer,totalEnergyConsumed,4.5275488355753
Ind3-NSGA2-n100-gw5-0-20250329-12:37:33-21437,0,LoRaNetworkTest.loRaNodes[24].LoRaNic.radio.energyConsumer,totalEnergyConsumed,3.9927886784389
Ind3-NSGA2-n100-gw5-0-20250329-12:37:33-21437,0,LoRaNetworkTest.loRaNodes[25].LoRaNic.radio.energyConsumer,totalEnergyConsumed,3.663175390152
Ind3-NSGA2-n100-gw5-0-20250329-12:37:33-21437,0,LoRaNetworkTest.loRaNodes[26].LoRaNic.radio.energyConsumer,totalEnergyConsumed,4.0115041621721
Ind3-NSGA2-n100-gw5-0-20250329-12:37:33-21437,0,LoRaNetworkTest.loRaNodes[27].LoRaNic.radio.energyConsumer,totalEnergyConsumed,4.3655269207073
Ind3-NSGA2-n100-gw5-0-20250329-12:37:33-21437,0,LoRaNetworkTest.loRaNodes[28].LoRaNic.radio.energyConsumer,totalEnergyConsumed,4.4136039677863
Ind3-NSGA2-n100-gw5-0-20250329-12:37:33-21437,0,LoRaNetworkTest.loRaNodes[29].LoRaNic.radio.energyConsumer,totalEnergyConsumed,5.1450688199727
Ind3-NSGA2-n100-gw5-0-20250329-12:37:33-21437,0,LoRaNetworkTest.loRaNodes[30].LoRaNic.radio.energyConsumer,totalEnergyConsumed,3.7491297852989
Ind3-NSGA2-n100-gw5-0-20250329-12:37:33-21437,0,LoRaNetworkTest.loRaNodes[31].LoRaNic.radio.energyConsumer,totalEnergyConsumed,4.4266720276199
Ind3-NSGA2-n100-gw5-0-20250329-12:37:33-21437,0,LoRaNetworkTest.loRaNodes[32].LoRaNic.radio.energyConsumer,totalEnergyConsumed,4.5045442486144
Ind3-NSGA2-n100-gw5-0-20250329-12:37:33-21437,0,LoRaNetworkTest.loRaNodes[33].LoRaNic.radio.energyConsumer,totalEnergyConsumed,3.3626252469794
Ind3-NSGA2-n100-gw5-0-20250329-12:37:33-21437,0,LoRaNetworkTest.loRaNodes[34].LoRaNic.radio.energyConsumer,totalEnergyConsumed,4.0562471808678
Ind3-NSGA2-n100-gw5-0-20250329-12:37:33-21437,0,LoRaNetworkTest.loRaNodes[35].LoRaNic.radio.energyConsumer,totalEnergyConsumed,4.2168015608901
Ind3-NSGA2-n100-gw5-0-20250329-12:37:33-21437,0,LoRaNetworkTest.loRaNodes[36].LoRaNic.radio.energyConsumer,totalEnergyConsumed,4.4143491760435
Ind3-NSGA2-n100-gw5-0-20250329-12:37:33-21437,0,LoRaNetworkTest.loRaNodes[37].LoRaNic.radio.energyConsumer,totalEnergyConsumed,4.3766752893168
Ind3-NSGA2-n100-gw5-0-20250329-12:37:33-21437,0,LoRaNetworkTest.loRaNodes[38].LoRaNic.radio.energyConsumer,totalEnergyConsumed,4.6548310874905
Ind3-NSGA2-n100-gw5-0-20250329-12:37:33-21437,0,LoRaNetworkTest.loRaNodes[39].LoRaNic.radio.energyConsumer,totalEnergyConsumed,4.9970621486828
Ind3-NSGA2-n100-gw5-0-20250329-12:37:33-21437,0,LoRaNetworkTest.loRaNodes[40].LoRaNic.radio.energyConsumer,totalEnergyConsumed,4.6864499098223
Ind3-NSGA2-n100-gw5-0-20250329-12:37:33-21437,0,LoRaNetworkTest.loRaNodes[41].LoRaNic.radio.energyConsumer,totalEnergyConsumed,5.3956577252966
Ind3-NSGA2-n100-gw5-0-20250329-12:37:33-21437,0,LoRaNetworkTest.loRaNodes[42].LoRaNic.radio.energyConsumer,totalEnergyConsumed,4.6054896634544
Ind3-NSGA2-n100-gw5-0-20250329-12:37:33-21437,0,LoRaNetworkTest.loRaNodes[43].LoRaNic.radio.energyConsumer,totalEnergyConsumed,3.9829720827174
Ind3-NSGA2-n100-gw5-0-20250329-12:37:33-21437,0,LoRaNetworkTest.loRaNodes[44].LoRaNic.radio.energyConsumer,totalEnergyConsumed,4.469948072303
Ind3-NSGA2-n100-gw5-0-20250329-12:37:33-21437,0,LoRaNetworkTest.loRaNodes[45].LoRaNic.radio.energyConsumer,totalEnergyConsumed,3.9906587000276
Ind3-NSGA2-n100-gw5-0-20250329-12:37:33-21437,0,LoRaNetworkTest.loRaNodes[46].LoRaNic.radio.energyConsumer,totalEnergyConsumed,4.3599881792617
Ind3-NSGA2-n100-gw5-0-20250329-12:37:33-21437,0,LoRaNetworkTest.loRaNodes[47].LoRaNic.radio.energyConsumer,totalEnergyConsumed,5.2108120192979
Ind3-NSGA2-n100-gw5-0-20250329-12:37:33-21437,0,LoRaNetworkTest.loRaNodes[48].LoRaNic.radio.energyConsumer,totalEnergyConsumed,5.2613110701227
Ind3-NSGA2-n100-gw5-0-20250329-12:37:33-21437,0,LoRaNetworkTest.loRaNodes[49].LoRaNic.radio.energyConsumer,totalEnergyConsumed,4.4169602581243
Ind3-NSGA2-n100-gw5-0-20250329-12:37:33-21437,0,LoRaNetworkTest.loRaNodes[50].LoRaNic.radio.energyConsumer,totalEnergyConsumed,4.1249251023962
Ind3-NSGA2-n100-gw5-0-20250329-12:37:33-21437,0,LoRaNetworkTest.loRaNodes[51].LoRaNic.radio.energyConsumer,totalEnergyConsumed,3.624970897167
Ind3-NSGA2-n100-gw5-0-20250329-12:37:33-21437,0,LoRaNetworkTest.loRaNodes[52].LoRaNic.radio.energyConsumer,totalEnergyConsumed,4.8713077779571
Ind3-NSGA2-n100-gw5-0-20250329-12:37:33-21437,0,LoRaNetworkTest.loRaNodes[53].LoRaNic.radio.energyConsumer,totalEnergyConsumed,3.9859212583203
Ind3-NSGA2-n100-gw5-0-20250329-12:37:33-21437,0,LoRaNetworkTest.loRaNodes[54].LoRaNic.radio.energyConsumer,totalEnergyConsumed,4.4336618718277
Ind3-NSGA2-n100-gw5-0-20250329-12:37:33-21437,0,LoRaNetworkTest.loRaNodes[55].LoRaNic.radio.energyConsumer,totalEnergyConsumed,4.6333853901615
Ind3-NSGA2-n100-gw5-0-20250329-12:37:33-21437,0,LoRaNetworkTest.loRaNodes[56].LoRaNic.radio.energyConsumer,totalEnergyConsumed,4.928750403216
Ind3-NSGA2-n100-gw5-0-20250329-12:37:33-21437,0,LoRaNetworkTest.loRaNodes[57].LoRaNic.radio.energyConsumer,totalEnergyConsumed,4.4901866542696
Ind3-NSGA2-n100-gw5-0-20250329-12:37:33-21437,0,LoRaNetworkTest.loRaNodes[58].LoRaNic.radio.energyConsumer,totalEnergyConsumed,4.8747469605005
Ind3-NSGA2-n100-gw5-0-20250329-12:37:33-21437,0,LoRaNetworkTest.loRaNodes[59].LoRaNic.radio.energyConsumer,totalEnergyConsumed,4.755657890387
Ind3-NSGA2-n100-gw5-0-20250329-12:37:33-21437,0,LoRaNetworkTest.loRaNodes[60].LoRaNic.radio.energyConsumer,totalEnergyConsumed,4.8622004924258
Ind3-NSGA2-n100-gw5-0-20250329-12:37:33-21437,0,LoRaNetworkTest.loRaNodes[61].LoRaNic.radio.energyConsumer,totalEnergyConsumed,4.5675182615454
Ind3-NSGA2-n100-gw5-0-20250329-12:37:33-21437,0,LoRaNetworkTest.loRaNodes[62].LoRaNic.radio.energyConsumer,totalEnergyConsumed,4.5451037375057
Ind3-NSGA2-n100-gw5-0-20250329-12:37:33-21437,0,LoRaNetworkTest.loRaNodes[63].LoRaNic.radio.energyConsumer,totalEnergyConsumed,4.66351643085
Ind3-NSGA2-n100-gw5-0-20250329-12:37:33-21437,0,LoRaNetworkTest.loRaNodes[64].LoRaNic.radio.energyConsumer,totalEnergyConsumed,4.7322014413148
Ind3-NSGA2-n100-gw5-0-20250329-12:37:33-21437,0,LoRaNetworkTest.loRaNodes[65].LoRaNic.radio.energyConsumer,totalEnergyConsumed,3.9237297517778
Ind3-NSGA2-n100-gw5-0-20250329-12:37:33-21437,0,LoRaNetworkTest.loRaNodes[66].LoRaNic.radio.energyConsumer,totalEnergyConsumed,4.3661384205529
Ind3-NSGA2-n100-gw5-0-20250329-12:37:33-21437,0,LoRaNetworkTest.loRaNodes[67].LoRaNic.radio.energyConsumer,totalEnergyConsumed,4.0487985582034
Ind3-NSGA2-n100-gw5-0-20250329-12:37:33-21437,0,LoRaNetworkTest.loRaNodes[68].LoRaNic.radio.energyConsumer,totalEnergyConsumed,3.944629712618
Ind3-NSGA2-n100-gw5-0-20250329-12:37:33-21437,0,LoRaNetworkTest.loRaNodes[69].LoRaNic.radio.energyConsumer,totalEnergyConsumed,4.5305419386226
Ind3-NSGA2-n100-gw5-0-20250329-12:37:33-21437,0,LoRaNetworkTest.loRaNodes[70].LoRaNic.radio.energyConsumer,totalEnergyConsumed,3.8415340881628
Ind3-NSGA2-n100-gw5-0-20250329-12:37:33-21437,0,LoRaNetworkTest.loRaNodes[71].LoRaNic.radio.energyConsumer,totalEnergyConsumed,4.5733636622218
Ind3-NSGA2-n100-gw5-0-20250329-12:37:33-21437,0,LoRaNetworkTest.loRaNodes[72].LoRaNic.radio.energyConsumer,totalEnergyConsumed,4.6943918596221
Ind3-NSGA2-n100-gw5-0-20250329-12:37:33-21437,0,LoRaNetworkTest.loRaNodes[73].LoRaNic.radio.energyConsumer,totalEnergyConsumed,4.3026035432324
Ind3-NSGA2-n100-gw5-0-20250329-12:37:33-21437,0,LoRaNetworkTest.loRaNodes[74].LoRaNic.radio.energyConsumer,totalEnergyConsumed,4.0195502517686
Ind3-NSGA2-n100-gw5-0-20250329-12:37:33-21437,0,LoRaNetworkTest.loRaNodes[75].LoRaNic.radio.energyConsumer,totalEnergyConsumed,4.5143128031489
Ind3-NSGA2-n100-gw5-0-20250329-12:37:33-21437,0,LoRaNetworkTest.loRaNodes[76].LoRaNic.radio.energyConsumer,totalEnergyConsumed,4.8880247898954
Ind3-NSGA2-n100-gw5-0-20250329-12:37:33-21437,0,LoRaNetworkTest.loRaNodes[77].LoRaNic.radio.energyConsumer,totalEnergyConsumed,3.9720097101601
Ind3-NSGA2-n100-gw5-0-20250329-12:37:33-21437,0,LoRaNetworkTest.loRaNodes[78].LoRaNic.radio.energyConsumer,totalEnergyConsumed,4.9301216025994
Ind3-NSGA2-n100-gw5-0-20250329-12:37:33-21437,0,LoRaNetworkTest.loRaNodes[79].LoRaNic.radio.energyConsumer,totalEnergyConsumed,4.3192149029667
Ind3-NSGA2-n100-gw5-0-20250329-12:37:33-21437,0,LoRaNetworkTest.loRaNodes[80].LoRaNic.radio.energyConsumer,totalEnergyConsumed,3.7689660322003
Ind3-NSGA2-n100-gw5-0-20250329-12:37:33-21437,0,LoRaNetworkTest.loRaNodes[81].LoRaNic.radio.energyConsumer,totalEnergyConsumed,4.3152781846778
Ind3-NSGA2-n100-gw5-0-20250329-12:37:33-21437,0,LoRaNetworkTest.loRaNodes[82].LoRaNic.radio.energyConsumer,totalEnergyConsumed,3.9030659053031
Ind3-NSGA2-n100-gw5-0-20250329-12:37:33-21437,0,LoRaNetworkTest.loRaNodes[83].LoRaNic.radio.energyConsumer,totalEnergyConsumed,4.1625361653218
Ind3-NSGA2-n100-gw5-0-20250329-12:37:33-21437,0,LoRaNetworkTest.loRaNodes[84].LoRaNic.radio.energyConsumer,totalEnergyConsumed,4.6157745046782
Ind3-NSGA2-n100-gw5-0-20250329-12:37:33-21437,0,LoRaNetworkTest.loRaNodes[85].LoRaNic.radio.energyConsumer,totalEnergyConsumed,4.8553981171455
Ind3-NSGA2-n100-gw5-0-20250329-12:37:33-21437,0,LoRaNetworkTest.loRaNodes[86].LoRaNic.radio.energyConsumer,totalEnergyConsumed,4.087089019402
Ind3-NSGA2-n100-gw5-0-20250329-12:37:33-21437,0,LoRaNetworkTest.loRaNodes[87].LoRaNic.radio.energyConsumer,totalEnergyConsumed,4.571343251427
Ind3-NSGA2-n100-gw5-0-20250329-12:37:33-21437,0,LoRaNetworkTest.loRaNodes[88].LoRaNic.radio.energyConsumer,totalEnergyConsumed,4.9720104054822
Ind3-NSGA2-n100-gw5-0-20250329-12:37:33-21437,0,LoRaNetworkTest.loRaNodes[89].LoRaNic.radio.energyConsumer,totalEnergyConsumed,4.0091237101884
Ind3-NSGA2-n100-gw5-0-20250329-12:37:33-21437,0,LoRaNetworkTest.loRaNodes[90].LoRaNic.radio.energyConsumer,totalEnergyConsumed,4.2635921835344
Ind3-NSGA2-n100-gw5-0-20250329-12:37:33-21437,0,LoRaNetworkTest.loRaNodes[91].LoRaNic.radio.energyConsumer,totalEnergyConsumed,3.9799386571664
Ind3-NSGA2-n100-gw5-0-20250329-12:37:33-21437,0,LoRaNetworkTest.loRaNodes[92].LoRaNic.radio.energyConsumer,totalEnergyConsumed,4.3820417877307
Ind3-NSGA2-n100-gw5-0-20250329-12:37:33-21437,0,LoRaNetworkTest.loRaNodes[93].LoRaNic.radio.energyConsumer,totalEnergyConsumed,4.0250269660778
Ind3-NSGA2-n100-gw5-0-20250329-12:37:33-21437,0,LoRaNetworkTest.loRaNodes[94].LoRaNic.radio.energyConsumer,totalEnergyConsumed,4.7913017106615
Ind3-NSGA2-n100-gw5-0-20250329-12:37:33-21437,0,LoRaNetworkTest.loRaNodes[95].LoRaNic.radio.energyConsumer,totalEnergyConsumed,4.5717452808027
Ind3-NSGA2-n100-gw5-0-20250329-12:37:33-21437,0,LoRaNetworkTest.loRaNodes[96].LoRaNic.radio.energyConsumer,totalEnergyConsumed,4.9070357122587
Ind3-NSGA2-n100-gw5-0-20250329-12:37:33-21437,0,LoRaNetworkTest.loRaNodes[97].LoRaNic.radio.energyConsumer,totalEnergyConsumed,4.8071310930734
Ind3-NSGA2-n100-gw5-0-20250329-12:37:33-21437,0,LoRaNetworkTest.loRaNodes[98].LoRaNic.radio.energyConsumer,totalEnergyConsumed,3.9888974404364
Ind3-NSGA2-n100-gw5-0-20250329-12:37:33-21437,0,LoRaNetworkTest.loRaNodes[99].LoRaNic.radio.energyConsumer,totalEnergyConsumed,3.9667988255644
