run,repetition,module,name,value
Ind8-NSGA2-n100-gw5-0-20241129-10:38:15-17944,0,LoRaNetworkTest.loRaNodes[0].LoRaNic.radio.energyConsumer,totalEnergyConsumed,5.04938316
Ind8-NSGA2-n100-gw5-0-20241129-10:38:15-17944,0,LoRaNetworkTest.loRaNodes[1].LoRaNic.radio.energyConsumer,totalEnergyConsumed,3.59762267
Ind8-NSGA2-n100-gw5-0-20241129-10:38:15-17944,0,LoRaNetworkTest.loRaNodes[2].LoRaNic.radio.energyConsumer,totalEnergyConsumed,4.768659258
Ind8-NSGA2-n100-gw5-0-20241129-10:38:15-17944,0,LoRaNetworkTest.loRaNodes[3].LoRaNic.radio.energyConsumer,totalEnergyConsumed,4.351251265
Ind8-NSGA2-n100-gw5-0-20241129-10:38:15-17944,0,LoRaNetworkTest.loRaNodes[4].LoRaNic.radio.energyConsumer,totalEnergyConsumed,4.730429469
Ind8-NSGA2-n100-gw5-0-20241129-10:38:15-17944,0,LoRaNetworkTest.loRaNodes[5].LoRaNic.radio.energyConsumer,totalEnergyConsumed,5.391553561
Ind8-NSGA2-n100-gw5-0-20241129-10:38:15-17944,0,LoRaNetworkTest.loRaNodes[6].LoRaNic.radio.energyConsumer,totalEnergyConsumed,2.955305268
Ind8-NSGA2-n100-gw5-0-20241129-10:38:15-17944,0,LoRaNetworkTest.loRaNodes[7].LoRaNic.radio.energyConsumer,totalEnergyConsumed,5.278381048
Ind8-NSGA2-n100-gw5-0-20241129-10:38:15-17944,0,LoRaNetworkTest.loRaNodes[8].LoRaNic.radio.energyConsumer,totalEnergyConsumed,4.70634549
Ind8-NSGA2-n100-gw5-0-20241129-10:38:15-17944,0,LoRaNetworkTest.loRaNodes[9].LoRaNic.radio.energyConsumer,totalEnergyConsumed,3.983681263
Ind8-NSGA2-n100-gw5-0-20241129-10:38:15-17944,0,LoRaNetworkTest.loRaNodes[10].LoRaNic.radio.energyConsumer,totalEnergyConsumed,4.47450907
Ind8-NSGA2-n100-gw5-0-20241129-10:38:15-17944,0,LoRaNetworkTest.loRaNodes[11].LoRaNic.radio.energyConsumer,totalEnergyConsumed,4.31696316
Ind8-NSGA2-n100-gw5-0-20241129-10:38:15-17944,0,LoRaNetworkTest.loRaNodes[12].LoRaNic.radio.energyConsumer,totalEnergyConsumed,4.538949825
Ind8-NSGA2-n100-gw5-0-20241129-10:38:15-17944,0,LoRaNetworkTest.loRaNodes[13].LoRaNic.radio.energyConsumer,totalEnergyConsumed,3.944856459
Ind8-NSGA2-n100-gw5-0-20241129-10:38:15-17944,0,LoRaNetworkTest.loRaNodes[14].LoRaNic.radio.energyConsumer,totalEnergyConsumed,4.240785271
Ind8-NSGA2-n100-gw5-0-20241129-10:38:15-17944,0,LoRaNetworkTest.loRaNodes[15].LoRaNic.radio.energyConsumer,totalEnergyConsumed,5.00119181
Ind8-NSGA2-n100-gw5-0-20241129-10:38:15-17944,0,LoRaNetworkTest.loRaNodes[16].LoRaNic.radio.energyConsumer,totalEnergyConsumed,5.465535512
Ind8-NSGA2-n100-gw5-0-20241129-10:38:15-17944,0,LoRaNetworkTest.loRaNodes[17].LoRaNic.radio.energyConsumer,totalEnergyConsumed,4.286984161
Ind8-NSGA2-n100-gw5-0-20241129-10:38:15-17944,0,LoRaNetworkTest.loRaNodes[18].LoRaNic.radio.energyConsumer,totalEnergyConsumed,3.943624086
Ind8-NSGA2-n100-gw5-0-20241129-10:38:15-17944,0,LoRaNetworkTest.loRaNodes[19].LoRaNic.radio.energyConsumer,totalEnergyConsumed,3.999886664
Ind8-NSGA2-n100-gw5-0-20241129-10:38:15-17944,0,LoRaNetworkTest.loRaNodes[20].LoRaNic.radio.energyConsumer,totalEnergyConsumed,4.511811473
Ind8-NSGA2-n100-gw5-0-20241129-10:38:15-17944,0,LoRaNetworkTest.loRaNodes[21].LoRaNic.radio.energyConsumer,totalEnergyConsumed,4.427593526
Ind8-NSGA2-n100-gw5-0-20241129-10:38:15-17944,0,LoRaNetworkTest.loRaNodes[22].LoRaNic.radio.energyConsumer,totalEnergyConsumed,3.978152587
Ind8-NSGA2-n100-gw5-0-20241129-10:38:15-17944,0,LoRaNetworkTest.loRaNodes[23].LoRaNic.radio.energyConsumer,totalEnergyConsumed,4.288255861
Ind8-NSGA2-n100-gw5-0-20241129-10:38:15-17944,0,LoRaNetworkTest.loRaNodes[24].LoRaNic.radio.energyConsumer,totalEnergyConsumed,4.228195168
Ind8-NSGA2-n100-gw5-0-20241129-10:38:15-17944,0,LoRaNetworkTest.loRaNodes[25].LoRaNic.radio.energyConsumer,totalEnergyConsumed,4.310428373
Ind8-NSGA2-n100-gw5-0-20241129-10:38:15-17944,0,LoRaNetworkTest.loRaNodes[26].LoRaNic.radio.energyConsumer,totalEnergyConsumed,4.072558945
Ind8-NSGA2-n100-gw5-0-20241129-10:38:15-17944,0,LoRaNetworkTest.loRaNodes[27].LoRaNic.radio.energyConsumer,totalEnergyConsumed,3.969419789
Ind8-NSGA2-n100-gw5-0-20241129-10:38:15-17944,0,LoRaNetworkTest.loRaNodes[28].LoRaNic.radio.energyConsumer,totalEnergyConsumed,4.636111496
Ind8-NSGA2-n100-gw5-0-20241129-10:38:15-17944,0,LoRaNetworkTest.loRaNodes[29].LoRaNic.radio.energyConsumer,totalEnergyConsumed,4.106659373
Ind8-NSGA2-n100-gw5-0-20241129-10:38:15-17944,0,LoRaNetworkTest.loRaNodes[30].LoRaNic.radio.energyConsumer,totalEnergyConsumed,4.953048852
Ind8-NSGA2-n100-gw5-0-20241129-10:38:15-17944,0,LoRaNetworkTest.loRaNodes[31].LoRaNic.radio.energyConsumer,totalEnergyConsumed,3.833594771
Ind8-NSGA2-n100-gw5-0-20241129-10:38:15-17944,0,LoRaNetworkTest.loRaNodes[32].LoRaNic.radio.energyConsumer,totalEnergyConsumed,4.368837354
Ind8-NSGA2-n100-gw5-0-20241129-10:38:15-17944,0,LoRaNetworkTest.loRaNodes[33].LoRaNic.radio.energyConsumer,totalEnergyConsumed,3.222239856
Ind8-NSGA2-n100-gw5-0-20241129-10:38:15-17944,0,LoRaNetworkTest.loRaNodes[34].LoRaNic.radio.energyConsumer,totalEnergyConsumed,3.65164364
Ind8-NSGA2-n100-gw5-0-20241129-10:38:15-17944,0,LoRaNetworkTest.loRaNodes[35].LoRaNic.radio.energyConsumer,totalEnergyConsumed,5.013567611
Ind8-NSGA2-n100-gw5-0-20241129-10:38:15-17944,0,LoRaNetworkTest.loRaNodes[36].LoRaNic.radio.energyConsumer,totalEnergyConsumed,4.309291711
Ind8-NSGA2-n100-gw5-0-20241129-10:38:15-17944,0,LoRaNetworkTest.loRaNodes[37].LoRaNic.radio.energyConsumer,totalEnergyConsumed,4.079316703
Ind8-NSGA2-n100-gw5-0-20241129-10:38:15-17944,0,LoRaNetworkTest.loRaNodes[38].LoRaNic.radio.energyConsumer,totalEnergyConsumed,4.20803308
Ind8-NSGA2-n100-gw5-0-20241129-10:38:15-17944,0,LoRaNetworkTest.loRaNodes[39].LoRaNic.radio.energyConsumer,totalEnergyConsumed,4.337338507
Ind8-NSGA2-n100-gw5-0-20241129-10:38:15-17944,0,LoRaNetworkTest.loRaNodes[40].LoRaNic.radio.energyConsumer,totalEnergyConsumed,3.843997346
Ind8-NSGA2-n100-gw5-0-20241129-10:38:15-17944,0,LoRaNetworkTest.loRaNodes[41].LoRaNic.radio.energyConsumer,totalEnergyConsumed,4.278891387
Ind8-NSGA2-n100-gw5-0-20241129-10:38:15-17944,0,LoRaNetworkTest.loRaNodes[42].LoRaNic.radio.energyConsumer,totalEnergyConsumed,4.048589074
Ind8-NSGA2-n100-gw5-0-20241129-10:38:15-17944,0,LoRaNetworkTest.loRaNodes[43].LoRaNic.radio.energyConsumer,totalEnergyConsumed,5.045320181
Ind8-NSGA2-n100-gw5-0-20241129-10:38:15-17944,0,LoRaNetworkTest.loRaNodes[44].LoRaNic.radio.energyConsumer,totalEnergyConsumed,4.501501244
Ind8-NSGA2-n100-gw5-0-20241129-10:38:15-17944,0,LoRaNetworkTest.loRaNodes[45].LoRaNic.radio.energyConsumer,totalEnergyConsumed,4.122668885
Ind8-NSGA2-n100-gw5-0-20241129-10:38:15-17944,0,LoRaNetworkTest.loRaNodes[46].LoRaNic.radio.energyConsumer,totalEnergyConsumed,4.699235317
Ind8-NSGA2-n100-gw5-0-20241129-10:38:15-17944,0,LoRaNetworkTest.loRaNodes[47].LoRaNic.radio.energyConsumer,totalEnergyConsumed,3.877984179
Ind8-NSGA2-n100-gw5-0-20241129-10:38:15-17944,0,LoRaNetworkTest.loRaNodes[48].LoRaNic.radio.energyConsumer,totalEnergyConsumed,4.579233496
Ind8-NSGA2-n100-gw5-0-20241129-10:38:15-17944,0,LoRaNetworkTest.loRaNodes[49].LoRaNic.radio.energyConsumer,totalEnergyConsumed,3.73427674
Ind8-NSGA2-n100-gw5-0-20241129-10:38:15-17944,0,LoRaNetworkTest.loRaNodes[50].LoRaNic.radio.energyConsumer,totalEnergyConsumed,5.102807851
Ind8-NSGA2-n100-gw5-0-20241129-10:38:15-17944,0,LoRaNetworkTest.loRaNodes[51].LoRaNic.radio.energyConsumer,totalEnergyConsumed,3.913270938
Ind8-NSGA2-n100-gw5-0-20241129-10:38:15-17944,0,LoRaNetworkTest.loRaNodes[52].LoRaNic.radio.energyConsumer,totalEnergyConsumed,4.28281532
Ind8-NSGA2-n100-gw5-0-20241129-10:38:15-17944,0,LoRaNetworkTest.loRaNodes[53].LoRaNic.radio.energyConsumer,totalEnergyConsumed,3.973001523
Ind8-NSGA2-n100-gw5-0-20241129-10:38:15-17944,0,LoRaNetworkTest.loRaNodes[54].LoRaNic.radio.energyConsumer,totalEnergyConsumed,5.279906866
Ind8-NSGA2-n100-gw5-0-20241129-10:38:15-17944,0,LoRaNetworkTest.loRaNodes[55].LoRaNic.radio.energyConsumer,totalEnergyConsumed,4.342769846
Ind8-NSGA2-n100-gw5-0-20241129-10:38:15-17944,0,LoRaNetworkTest.loRaNodes[56].LoRaNic.radio.energyConsumer,totalEnergyConsumed,4.6899493
Ind8-NSGA2-n100-gw5-0-20241129-10:38:15-17944,0,LoRaNetworkTest.loRaNodes[57].LoRaNic.radio.energyConsumer,totalEnergyConsumed,5.243674906
Ind8-NSGA2-n100-gw5-0-20241129-10:38:15-17944,0,LoRaNetworkTest.loRaNodes[58].LoRaNic.radio.energyConsumer,totalEnergyConsumed,4.656138429
Ind8-NSGA2-n100-gw5-0-20241129-10:38:15-17944,0,LoRaNetworkTest.loRaNodes[59].LoRaNic.radio.energyConsumer,totalEnergyConsumed,4.32003257
Ind8-NSGA2-n100-gw5-0-20241129-10:38:15-17944,0,LoRaNetworkTest.loRaNodes[60].LoRaNic.radio.energyConsumer,totalEnergyConsumed,4.96840294
Ind8-NSGA2-n100-gw5-0-20241129-10:38:15-17944,0,LoRaNetworkTest.loRaNodes[61].LoRaNic.radio.energyConsumer,totalEnergyConsumed,5.669869433
Ind8-NSGA2-n100-gw5-0-20241129-10:38:15-17944,0,LoRaNetworkTest.loRaNodes[62].LoRaNic.radio.energyConsumer,totalEnergyConsumed,4.793144657
Ind8-NSGA2-n100-gw5-0-20241129-10:38:15-17944,0,LoRaNetworkTest.loRaNodes[63].LoRaNic.radio.energyConsumer,totalEnergyConsumed,4.250219593
Ind8-NSGA2-n100-gw5-0-20241129-10:38:15-17944,0,LoRaNetworkTest.loRaNodes[64].LoRaNic.radio.energyConsumer,totalEnergyConsumed,5.201621473
Ind8-NSGA2-n100-gw5-0-20241129-10:38:15-17944,0,LoRaNetworkTest.loRaNodes[65].LoRaNic.radio.energyConsumer,totalEnergyConsumed,4.341282977
Ind8-NSGA2-n100-gw5-0-20241129-10:38:15-17944,0,LoRaNetworkTest.loRaNodes[66].LoRaNic.radio.energyConsumer,totalEnergyConsumed,4.95805202
Ind8-NSGA2-n100-gw5-0-20241129-10:38:15-17944,0,LoRaNetworkTest.loRaNodes[67].LoRaNic.radio.energyConsumer,totalEnergyConsumed,4.519090725
Ind8-NSGA2-n100-gw5-0-20241129-10:38:15-17944,0,LoRaNetworkTest.loRaNodes[68].LoRaNic.radio.energyConsumer,totalEnergyConsumed,5.863903147
Ind8-NSGA2-n100-gw5-0-20241129-10:38:15-17944,0,LoRaNetworkTest.loRaNodes[69].LoRaNic.radio.energyConsumer,totalEnergyConsumed,5.376368484
Ind8-NSGA2-n100-gw5-0-20241129-10:38:15-17944,0,LoRaNetworkTest.loRaNodes[70].LoRaNic.radio.energyConsumer,totalEnergyConsumed,4.529325915
Ind8-NSGA2-n100-gw5-0-20241129-10:38:15-17944,0,LoRaNetworkTest.loRaNodes[71].LoRaNic.radio.energyConsumer,totalEnergyConsumed,3.977544566
Ind8-NSGA2-n100-gw5-0-20241129-10:38:15-17944,0,LoRaNetworkTest.loRaNodes[72].LoRaNic.radio.energyConsumer,totalEnergyConsumed,3.876102161
Ind8-NSGA2-n100-gw5-0-20241129-10:38:15-17944,0,LoRaNetworkTest.loRaNodes[73].LoRaNic.radio.energyConsumer,totalEnergyConsumed,4.174575152
Ind8-NSGA2-n100-gw5-0-20241129-10:38:15-17944,0,LoRaNetworkTest.loRaNodes[74].LoRaNic.radio.energyConsumer,totalEnergyConsumed,5.014344309
Ind8-NSGA2-n100-gw5-0-20241129-10:38:15-17944,0,LoRaNetworkTest.loRaNodes[75].LoRaNic.radio.energyConsumer,totalEnergyConsumed,4.525408596
Ind8-NSGA2-n100-gw5-0-20241129-10:38:15-17944,0,LoRaNetworkTest.loRaNodes[76].LoRaNic.radio.energyConsumer,totalEnergyConsumed,4.579543619
Ind8-NSGA2-n100-gw5-0-20241129-10:38:15-17944,0,LoRaNetworkTest.loRaNodes[77].LoRaNic.radio.energyConsumer,totalEnergyConsumed,3.879550846
Ind8-NSGA2-n100-gw5-0-20241129-10:38:15-17944,0,LoRaNetworkTest.loRaNodes[78].LoRaNic.radio.energyConsumer,totalEnergyConsumed,4.644319401
Ind8-NSGA2-n100-gw5-0-20241129-10:38:15-17944,0,LoRaNetworkTest.loRaNodes[79].LoRaNic.radio.energyConsumer,totalEnergyConsumed,5.034332402
Ind8-NSGA2-n100-gw5-0-20241129-10:38:15-17944,0,LoRaNetworkTest.loRaNodes[80].LoRaNic.radio.energyConsumer,totalEnergyConsumed,4.771211951
Ind8-NSGA2-n100-gw5-0-20241129-10:38:15-17944,0,LoRaNetworkTest.loRaNodes[81].LoRaNic.radio.energyConsumer,totalEnergyConsumed,4.779391806
Ind8-NSGA2-n100-gw5-0-20241129-10:38:15-17944,0,LoRaNetworkTest.loRaNodes[82].LoRaNic.radio.energyConsumer,totalEnergyConsumed,4.38390086
Ind8-NSGA2-n100-gw5-0-20241129-10:38:15-17944,0,LoRaNetworkTest.loRaNodes[83].LoRaNic.radio.energyConsumer,totalEnergyConsumed,3.901265742
Ind8-NSGA2-n100-gw5-0-20241129-10:38:15-17944,0,LoRaNetworkTest.loRaNodes[84].LoRaNic.radio.energyConsumer,totalEnergyConsumed,5.070364275
Ind8-NSGA2-n100-gw5-0-20241129-10:38:15-17944,0,LoRaNetworkTest.loRaNodes[85].LoRaNic.radio.energyConsumer,totalEnergyConsumed,4.968718562
Ind8-NSGA2-n100-gw5-0-20241129-10:38:15-17944,0,LoRaNetworkTest.loRaNodes[86].LoRaNic.radio.energyConsumer,totalEnergyConsumed,4.279775083
Ind8-NSGA2-n100-gw5-0-20241129-10:38:15-17944,0,LoRaNetworkTest.loRaNodes[87].LoRaNic.radio.energyConsumer,totalEnergyConsumed,5.234569895
Ind8-NSGA2-n100-gw5-0-20241129-10:38:15-17944,0,LoRaNetworkTest.loRaNodes[88].LoRaNic.radio.energyConsumer,totalEnergyConsumed,4.027120705
Ind8-NSGA2-n100-gw5-0-20241129-10:38:15-17944,0,LoRaNetworkTest.loRaNodes[89].LoRaNic.radio.energyConsumer,totalEnergyConsumed,3.935107776
Ind8-NSGA2-n100-gw5-0-20241129-10:38:15-17944,0,LoRaNetworkTest.loRaNodes[90].LoRaNic.radio.energyConsumer,totalEnergyConsumed,4.241943585
Ind8-NSGA2-n100-gw5-0-20241129-10:38:15-17944,0,LoRaNetworkTest.loRaNodes[91].LoRaNic.radio.energyConsumer,totalEnergyConsumed,5.012597425
Ind8-NSGA2-n100-gw5-0-20241129-10:38:15-17944,0,LoRaNetworkTest.loRaNodes[92].LoRaNic.radio.energyConsumer,totalEnergyConsumed,4.670169931
Ind8-NSGA2-n100-gw5-0-20241129-10:38:15-17944,0,LoRaNetworkTest.loRaNodes[93].LoRaNic.radio.energyConsumer,totalEnergyConsumed,3.815014018
Ind8-NSGA2-n100-gw5-0-20241129-10:38:15-17944,0,LoRaNetworkTest.loRaNodes[94].LoRaNic.radio.energyConsumer,totalEnergyConsumed,3.515163919
Ind8-NSGA2-n100-gw5-0-20241129-10:38:15-17944,0,LoRaNetworkTest.loRaNodes[95].LoRaNic.radio.energyConsumer,totalEnergyConsumed,4.239758903
Ind8-NSGA2-n100-gw5-0-20241129-10:38:15-17944,0,LoRaNetworkTest.loRaNodes[96].LoRaNic.radio.energyConsumer,totalEnergyConsumed,4.382134489
Ind8-NSGA2-n100-gw5-0-20241129-10:38:15-17944,0,LoRaNetworkTest.loRaNodes[97].LoRaNic.radio.energyConsumer,totalEnergyConsumed,4.577333325
Ind8-NSGA2-n100-gw5-0-20241129-10:38:15-17944,0,LoRaNetworkTest.loRaNodes[98].LoRaNic.radio.energyConsumer,totalEnergyConsumed,4.781331554
Ind8-NSGA2-n100-gw5-0-20241129-10:38:15-17944,0,LoRaNetworkTest.loRaNodes[99].LoRaNic.radio.energyConsumer,totalEnergyConsumed,4.508359408
,,,Average,4.453402982
